period_type,n_events,mean_car,pct_negative_car
Dark (0 flights),4,0.04603563455888937,75.0
Active (1+ flights),35,-0.006608293189604924,57.14285714285714
